<?xml version="1.0" encoding="UTF-8"?>
<rsm:CrossIndustryInvoice xmlns:clm210AccountingE501="urn:un:unece:uncefact:codelist:standard:EDIFICAS-EU:AccountingAccountType:D11A" xmlns:clm210AccountingE601="urn:un:unece:uncefact:codelist:standard:EDIFICAS-EU:AccountingAmountType:D11A" xmlns:clm5ISO42173A="urn:un:unece:uncefact:codelist:standard:ISO:ISO3AlphaCurrencyCode:2012-08-31" xmlns:clm61229LineStatusCode="urn:un:unece:uncefact:codelist:standard:UNECE:ActionCode:D16A" xmlns:clm64465="urn:un:unece:uncefact:codelist:standard:UNECE:AdjustmentReasonDescriptionCode:D16A" xmlns:clm65189AllowanceChargeID="urn:un:unece:uncefact:codelist:standard:UNECE:AllowanceChargeIdentificationCode:D16A" xmlns:clm64465AllowanceChargeReasonCode="urn:un:unece:uncefact:codelist:standard:UNECE:AllowanceChargeReasonCode:D16A" xmlns:clm67233AutomaticDataCaptureMethodCode="urn:un:unece:uncefact:codelist:standard:UNECE:AutomaticDataCaptureMethodCode:D16A" xmlns:clm67085b="urn:un:unece:uncefact:codelist:standard:UNECE:CargoOperationalCategoryCode:D16A" xmlns:clm6Recommendation21AnnexI="urn:un:unece:uncefact:codelist:standard:UNECE:CargoTypeCode:1996Rev2Final" xmlns:clm67357="urn:un:unece:uncefact:codelist:standard:UNECE:CommodityIdentificationCode:D16A" xmlns:clm63155CommunicationChannelCode="urn:un:unece:uncefact:codelist:standard:UNECE:CommunicationMeansTypeCode:D16A" xmlns:clm63139ContactTypeCode="urn:un:unece:uncefact:codelist:standard:UNECE:ContactFunctionCode:D16A" xmlns:clm64053="urn:un:unece:uncefact:codelist:standard:UNECE:DeliveryTermsCode:2010" xmlns:clm66145="urn:un:unece:uncefact:codelist:standard:UNECE:DimensionTypeCode:D16A" xmlns:clm61001="urn:un:unece:uncefact:codelist:standard:UNECE:DocumentNameCode:D16A" xmlns:clm61001Accounting="urn:un:unece:uncefact:codelist:standard:UNECE:DocumentNameCode_Accounting:D16A" xmlns:clm61373="urn:un:unece:uncefact:codelist:standard:UNECE:DocumentStatusCode:D16A" xmlns:clm65153="urn:un:unece:uncefact:codelist:standard:UNECE:DutyTaxFeeTypeCode:D16A" xmlns:clm65305="urn:un:unece:uncefact:codelist:standard:UNECE:DutyorTaxorFeeCategoryCode:D16A" xmlns:clm68155="urn:un:unece:uncefact:codelist:standard:UNECE:EquipmentSizeTypeDescriptionCode:D16A" xmlns:clm62475="urn:un:unece:uncefact:codelist:standard:UNECE:EventTimeReferenceCode:D16A" xmlns:clm62475PaymentTermsEvent="urn:un:unece:uncefact:codelist:standard:UNECE:EventTimeReferenceCodePaymentTermsEvent:D16A" xmlns:clm6TDED6131="urn:un:unece:uncefact:codelist:standard:UNECE:FreightChargeQuantityUnitBasisCode:D16A" xmlns:clm65243="urn:un:unece:uncefact:codelist:standard:UNECE:FreightChargeTariffCode:D16A" xmlns:clm6TDED7357="urn:un:unece:uncefact:codelist:standard:UNECE:GoodsTypeCode:D16A" xmlns:clm6TDED7361="urn:un:unece:uncefact:codelist:standard:UNECE:GoodsTypeExtensionCode:D16A" xmlns:clm6Recommendation20Linear="urn:un:unece:uncefact:codelist:standard:UNECE:MeasurementUnitCommonCodeLinear:4" xmlns:clm6Recommendation20Volume="urn:un:unece:uncefact:codelist:standard:UNECE:MeasurementUnitCommonCodeVolume:4" xmlns:clm6Recommendation20Weight="urn:un:unece:uncefact:codelist:standard:UNECE:MeasurementUnitCommonCodeWeight:4" xmlns:clm61225MessageFunctionTypeCode="urn:un:unece:uncefact:codelist:standard:UNECE:MessageFunctionCode:D16A" xmlns:clm67065="urn:un:unece:uncefact:codelist:standard:UNECE:PackageTypeCode:2006" xmlns:clm67233PackagingMarkingCode="urn:un:unece:uncefact:codelist:standard:UNECE:PackagingMarkingCode:D16A" xmlns:clm63035="urn:un:unece:uncefact:codelist:standard:UNECE:PartyRoleCode:D16A" xmlns:clm63035ChargePaying="urn:un:unece:uncefact:codelist:standard:UNECE:PartyRoleCode_ChargePaying:D16A" xmlns:clm64431="urn:un:unece:uncefact:codelist:standard:UNECE:PaymentGuaranteeMeansCode:D16A" xmlns:clm64435="urn:un:unece:uncefact:codelist:standard:UNECE:PaymentMeansChannelCode:D16A" xmlns:clm64461="urn:un:unece:uncefact:codelist:standard:UNECE:PaymentMeansCode:D16A" xmlns:clm64279="urn:un:unece:uncefact:codelist:standard:UNECE:PaymentTermsTypeCode:D16A" xmlns:clm65375="urn:un:unece:uncefact:codelist:standard:UNECE:PriceTypeCode:D16A" xmlns:clm61153ReferenceTypeCode="urn:un:unece:uncefact:codelist:standard:UNECE:ReferenceTypeCode:D16A" xmlns:clm62379="urn:un:unece:uncefact:codelist:standard:UNECE:TimePointFormatCode:D16A" xmlns:clm68053="urn:un:unece:uncefact:codelist:standard:UNECE:TransportEquipmentCategoryCode:D16A" xmlns:clm68169="urn:un:unece:uncefact:codelist:standard:UNECE:TransportEquipmentFullnessCode:D16A" xmlns:clm6Recommendation28="urn:un:unece:uncefact:codelist:standard:UNECE:TransportMeansTypeCode:2007" xmlns:clm6Recommendation19="urn:un:unece:uncefact:codelist:standard:UNECE:TransportModeCode:2" xmlns:clm68051="urn:un:unece:uncefact:codelist:standard:UNECE:TransportMovementStageCode:D16A" xmlns:qdt="urn:un:unece:uncefact:data:standard:QualifiedDataType:100" xmlns:ram="urn:un:unece:uncefact:data:standard:ReusableAggregateBusinessInformationEntity:100" xmlns:udt="urn:un:unece:uncefact:data:standard:UnqualifiedDataType:100" xmlns:ids5ISO316612A="urn:un:unece:uncefact:identifierlist:standard:ISO:ISOTwo-letterCountryCode:SecondEdition2006" xmlns:ids6Recommendation23="urn:un:unece:uncefact:identifierlist:standard:UNECE:FreightCostCode:4" xmlns:ids64277="urn:un:unece:uncefact:identifierlist:standard:UNECE:PaymentTermsDescriptionIdentifier:D16A" xmlns:rsm="urn:un:unece:uncefact:data:standard:CrossIndustryInvoice:100">
	<rsm:ExchangedDocumentContext>
		<ram:GuidelineSpecifiedDocumentContextParameter>
			<ram:ID>urn:cen.eu:en16931:2017#compliant#urn:xoev-de:kosit:standard:xrechnung_1.2</ram:ID>
		</ram:GuidelineSpecifiedDocumentContextParameter>
	</rsm:ExchangedDocumentContext>
	<rsm:ExchangedDocument>
		<ram:ID>12014</ram:ID>
		<ram:TypeCode>380</ram:TypeCode>
		<ram:IssueDateTime>
			<udt:DateTimeString format="102">20191118</udt:DateTimeString>
		</ram:IssueDateTime>
	</rsm:ExchangedDocument>
	<rsm:SupplyChainTradeTransaction>
		<ram:IncludedSupplyChainTradeLineItem>
			<ram:AssociatedDocumentLineDocument>
				<ram:LineID>1</ram:LineID>
			</ram:AssociatedDocumentLineDocument>
			<ram:SpecifiedTradeProduct>
				<ram:Name>Verteilerkasten Aufputz grau RAL 7035</ram:Name>
			</ram:SpecifiedTradeProduct>
			<ram:SpecifiedLineTradeAgreement>
				<ram:NetPriceProductTradePrice>
					<ram:ChargeAmount>147.18</ram:ChargeAmount>
				</ram:NetPriceProductTradePrice>
			</ram:SpecifiedLineTradeAgreement>
			<ram:SpecifiedLineTradeDelivery>
				<ram:BilledQuantity unitCode="PCE">2</ram:BilledQuantity>
			</ram:SpecifiedLineTradeDelivery>
			<ram:SpecifiedLineTradeSettlement>
				<ram:ApplicableTradeTax>
					<ram:TypeCode>VAT</ram:TypeCode>
					<ram:CategoryCode>S</ram:CategoryCode>
					<ram:RateApplicablePercent>19</ram:RateApplicablePercent>
				</ram:ApplicableTradeTax>
				<ram:SpecifiedTradeSettlementLineMonetarySummation>
					<ram:LineTotalAmount>235.49</ram:LineTotalAmount>
				</ram:SpecifiedTradeSettlementLineMonetarySummation>
			</ram:SpecifiedLineTradeSettlement>
		</ram:IncludedSupplyChainTradeLineItem>
		<ram:IncludedSupplyChainTradeLineItem>
			<ram:AssociatedDocumentLineDocument>
				<ram:LineID>2</ram:LineID>
			</ram:AssociatedDocumentLineDocument>
			<ram:SpecifiedTradeProduct>
				<ram:Name>Batterie Varta, Mignon 1,5 V</ram:Name>
			</ram:SpecifiedTradeProduct>
			<ram:SpecifiedLineTradeAgreement>
				<ram:NetPriceProductTradePrice>
					<ram:ChargeAmount>6.75</ram:ChargeAmount>
				</ram:NetPriceProductTradePrice>
			</ram:SpecifiedLineTradeAgreement>
			<ram:SpecifiedLineTradeDelivery>
				<ram:BilledQuantity unitCode="PCE">1</ram:BilledQuantity>
			</ram:SpecifiedLineTradeDelivery>
			<ram:SpecifiedLineTradeSettlement>
				<ram:ApplicableTradeTax>
					<ram:TypeCode>VAT</ram:TypeCode>
					<ram:CategoryCode>S</ram:CategoryCode>
					<ram:RateApplicablePercent>19</ram:RateApplicablePercent>
				</ram:ApplicableTradeTax>
				<ram:SpecifiedTradeSettlementLineMonetarySummation>
					<ram:LineTotalAmount>6.75</ram:LineTotalAmount>
				</ram:SpecifiedTradeSettlementLineMonetarySummation>
			</ram:SpecifiedLineTradeSettlement>
		</ram:IncludedSupplyChainTradeLineItem>
		<ram:IncludedSupplyChainTradeLineItem>
			<ram:AssociatedDocumentLineDocument>
				<ram:LineID>3</ram:LineID>
			</ram:AssociatedDocumentLineDocument>
			<ram:SpecifiedTradeProduct>
				<ram:Name>Elektro-Installationen leicht gemacht</ram:Name>
			</ram:SpecifiedTradeProduct>
			<ram:SpecifiedLineTradeAgreement>
				<ram:NetPriceProductTradePrice>
					<ram:ChargeAmount>14.8</ram:ChargeAmount>
				</ram:NetPriceProductTradePrice>
			</ram:SpecifiedLineTradeAgreement>
			<ram:SpecifiedLineTradeDelivery>
				<ram:BilledQuantity unitCode="PCE">2</ram:BilledQuantity>
			</ram:SpecifiedLineTradeDelivery>
			<ram:SpecifiedLineTradeSettlement>
				<ram:ApplicableTradeTax>
					<ram:TypeCode>VAT</ram:TypeCode>
					<ram:CategoryCode>S</ram:CategoryCode>
					<ram:RateApplicablePercent>7</ram:RateApplicablePercent>
				</ram:ApplicableTradeTax>
				<ram:SpecifiedTradeSettlementLineMonetarySummation>
					<ram:LineTotalAmount>26.64</ram:LineTotalAmount>
				</ram:SpecifiedTradeSettlementLineMonetarySummation>
			</ram:SpecifiedLineTradeSettlement>
		</ram:IncludedSupplyChainTradeLineItem>
		<ram:ApplicableHeaderTradeAgreement>
			<ram:BuyerReference>991-18200-65</ram:BuyerReference>
			<ram:SellerTradeParty>
				<ram:ID>3452</ram:ID>
				<ram:Name>Musterfirma</ram:Name>
				<ram:DefinedTradeContact>
					<ram:PersonName>Herr Janson</ram:PersonName>
					<ram:TelephoneUniversalCommunication>
						<ram:CompleteNumber>089 452308313</ram:CompleteNumber>
					</ram:TelephoneUniversalCommunication>
					<ram:EmailURIUniversalCommunication>
						<ram:URIID>jan.dichtl@ximantix.com</ram:URIID>
					</ram:EmailURIUniversalCommunication>
				</ram:DefinedTradeContact>
				<ram:PostalTradeAddress>
					<ram:PostcodeCode>79100</ram:PostcodeCode>
					<ram:CityName>Musterstadt</ram:CityName>
					<ram:CountryID>DE</ram:CountryID>
				</ram:PostalTradeAddress>
				<ram:SpecifiedTaxRegistration>
					<ram:ID schemeID="FC">DE812398835</ram:ID>
				</ram:SpecifiedTaxRegistration>
			</ram:SellerTradeParty>
			<ram:BuyerTradeParty>
				<ram:Name>Dumont Louis</ram:Name>
				<ram:PostalTradeAddress>
					<ram:PostcodeCode>8445</ram:PostcodeCode>
					<ram:CityName>Paris</ram:CityName>
					<ram:CountryID>FR</ram:CountryID>
				</ram:PostalTradeAddress>
			</ram:BuyerTradeParty>
		</ram:ApplicableHeaderTradeAgreement>
		<ram:ApplicableHeaderTradeDelivery/>
		<ram:ApplicableHeaderTradeSettlement>
			<ram:InvoiceCurrencyCode>EUR</ram:InvoiceCurrencyCode>
			<ram:SpecifiedTradeSettlementPaymentMeans>
				<ram:TypeCode>30</ram:TypeCode>
				<ram:PayeePartyCreditorFinancialAccount/>
			</ram:SpecifiedTradeSettlementPaymentMeans>
			<ram:ApplicableTradeTax>
				<ram:CalculatedAmount>36.19</ram:CalculatedAmount>
				<ram:TypeCode>VAT</ram:TypeCode>
				<ram:BasisAmount>190.47</ram:BasisAmount>
				<ram:CategoryCode>S</ram:CategoryCode>
				<ram:RateApplicablePercent>19</ram:RateApplicablePercent>
			</ram:ApplicableTradeTax>
			<ram:ApplicableTradeTax>
				<ram:CalculatedAmount>1.31</ram:CalculatedAmount>
				<ram:TypeCode>VAT</ram:TypeCode>
				<ram:BasisAmount>18.65</ram:BasisAmount>
				<ram:CategoryCode>S</ram:CategoryCode>
				<ram:RateApplicablePercent>7</ram:RateApplicablePercent>
			</ram:ApplicableTradeTax>
			<ram:SpecifiedTradeAllowanceCharge>
				<ram:ChargeIndicator>
					<udt:Indicator>false</udt:Indicator>
				</ram:ChargeIndicator>
				<ram:ActualAmount>72.67</ram:ActualAmount>
				<ram:Reason>discount</ram:Reason>
				<ram:CategoryTradeTax>
					<ram:TypeCode>VAT</ram:TypeCode>
					<ram:CategoryCode>S</ram:CategoryCode>
					<ram:RateApplicablePercent>19</ram:RateApplicablePercent>
				</ram:CategoryTradeTax>
			</ram:SpecifiedTradeAllowanceCharge>
			<ram:SpecifiedTradeAllowanceCharge>
				<ram:ChargeIndicator>
					<udt:Indicator>false</udt:Indicator>
				</ram:ChargeIndicator>
				<ram:ActualAmount>7.99</ram:ActualAmount>
				<ram:Reason>discount</ram:Reason>
				<ram:CategoryTradeTax>
					<ram:TypeCode>VAT</ram:TypeCode>
					<ram:CategoryCode>S</ram:CategoryCode>
					<ram:RateApplicablePercent>7</ram:RateApplicablePercent>
				</ram:CategoryTradeTax>
			</ram:SpecifiedTradeAllowanceCharge>
			<ram:SpecifiedTradeAllowanceCharge>
				<ram:ChargeIndicator>
					<udt:Indicator>true</udt:Indicator>
				</ram:ChargeIndicator>
				<ram:ActualAmount>20.9</ram:ActualAmount>
				<ram:Reason>additionalCharge</ram:Reason>
				<ram:CategoryTradeTax>
					<ram:TypeCode>VAT</ram:TypeCode>
					<ram:CategoryCode>S</ram:CategoryCode>
					<ram:RateApplicablePercent>19</ram:RateApplicablePercent>
				</ram:CategoryTradeTax>
			</ram:SpecifiedTradeAllowanceCharge>
			<ram:SpecifiedTradePaymentTerms>
				<ram:Description>&lt; keine &gt;</ram:Description>
			</ram:SpecifiedTradePaymentTerms>
			<ram:SpecifiedTradeSettlementHeaderMonetarySummation>
				<ram:LineTotalAmount>268.88</ram:LineTotalAmount>
				<ram:ChargeTotalAmount>20.9</ram:ChargeTotalAmount>
				<ram:AllowanceTotalAmount>80.66</ram:AllowanceTotalAmount>
				<ram:TaxBasisTotalAmount>209.12</ram:TaxBasisTotalAmount>
				<ram:TaxTotalAmount currencyID="EUR">37.5</ram:TaxTotalAmount>
				<ram:GrandTotalAmount>246.62</ram:GrandTotalAmount>
				<ram:TotalPrepaidAmount>236.62</ram:TotalPrepaidAmount>
				<ram:DuePayableAmount>10</ram:DuePayableAmount>
			</ram:SpecifiedTradeSettlementHeaderMonetarySummation>
		</ram:ApplicableHeaderTradeSettlement>
	</rsm:SupplyChainTradeTransaction>
</rsm:CrossIndustryInvoice>
